Model,Manufacturer,Firebox Volume,Emission Rate (grams/hr),Heat Ouput Range (BTUs),Heat Output Upper (BTUs),Heat Output Lower (BTUs),Efficiency,Type,Subtype,Fuel Type,Test Method,CO,NSPS Compliance 2020
"GV230GL, ML230GL ",Innovative Hearth Products,2.28,1.7,33911-12631,33911,12631,74,Wood Stove,Non-Catalytic Stove,Crib Wood,,1.78,Yes
Vermont Castings Defiant 1975-CAT-C ,Hearth and Home Technologies,3.25,1.3,25471-11974,25471,11974,78,Wood Stove,Catalytic Stove,Crib Wood,,1.46,Yes
"ComfortBilt HP22N, HP22, and HP22i Insert ","SMG Hearth and Home, LLC",Not Applicable,1,40689-12820,40689,12820,81,Pellet Stove,Non-Catalytic Stove,Wood Pellets,,0,Yes
King KE40,"Blaze King Industries, Inc.",4.55,1,38516-10392,38516,10392,81,Wood Stove,Catalytic Stove,Crib Wood,,0.49,Yes
"6100 B Series (6140 B, 6143 B, 6148 B, 6170 B)",Morso Jernstoberi A/S,0.522,1.8,19067-11892,19067,11892,74,Wood Stove,Non-Catalytic Stove,Crib Wood,,0.79,Yes
"4840, KP500, AP5000, Comfort Glow WMPS7000, DuraHeat DHPS7000",United States Stove Company,Not Applicable,1.4,12161-7164,12161,7164,72,Pellet Stove,Non-Catalytic Stove,Wood Pellets,,0.31,Yes
"6041, 6041I, SP6000 ",United States Stove Company,Not Applicable,1.3,21811-7540,21811,7540,58,Pellet Stove,Non-Catalytic Stove,Wood Pellets,,0.46,Yes
"US1269E, USLW900, CGWS900",United States Stove Company,1.145,1.8,29234-26300,29234,26300,67,Wood Stove,Non-Catalytic Stove,Crib Wood,,1.87,Yes
"GW1949, AP77, SW1117",United States Stove Company,Not Applicable,0.8,27220-12706,27220,12706,70,Pellet Stove,Non-Catalytic Stove,Wood Pellets,,0.24,Yes
"STUV 1668IN, STUV 1668 CUBE, STUV 1668H, STUV 1668-Z",STUV AMERICA Inc.,1.94,1.7,23727-22179,23727,22179,66,Wood Stove,Non-Catalytic Stove,Crib Wood,,1.7,Yes
"US1800E, VG1820, AW1820E, CH18, NM690, SW1.8, AHWS1820, KW1820, Comfort Glow CGWI1800, DuraHeat DHWI1800",United States Stove Company,1.2,1.8,28445-10689,28445,10689,73,Wood Stove,Non-Catalytic Stove,Crib Wood,,1.2,Yes
"Norflam Harbor Light, Sierra Flame Lynwood W76, SBI Cape Town 1800",Dovre Incorporated,1.554,1.9,51616-13927,51616,13927,76,Wood Stove,Non-Catalytic Stove,Cord Wood,,1.3,Yes
"Quadra-Fire 21M-ACC-C, Discovery-1-C, FF-WP-100

",Hearth and Home Technologies,1.48,1.7,29322-13585,29322,13585,76,Wood Stove,Non-Catalytic Stove,Crib Wood,,1.5,Yes
"Quadra-Fire 43M-ACC-C, 43ST-ACC-C, Discovery-III-C, FF-WP-300",Hearth and Home Technologies,2.26,1.6,36757-13239,36757,13239,74,Wood Stove,Non-Catalytic Stove,Crib Wood,,1.9,Yes
Charnwood Skye E700,A. J. Wells and Sons LTD,0.82,1.7,29850-10520,29850,10520,77,Wood Stove,Non-Catalytic Stove,Cord Wood,,0.8,Yes
"Bari 8171, Bari Plus 8172
",Hearthstone Quality Home Heating Products Inc.,1.25,0.94,26036-14065,26036,14065,76,Wood Stove,Hybrid,Crib Wood,,0.07,Yes
"Model 91, Carolina 92",New Buck Corporation (Buck Stove Corp.),3.07,1.3,43190-14206,43190,14206,80,Wood Stove,Catalytic Stove,Crib Wood,,0.6,Yes
"US1100E, US1100EC, VG1120, AW1120E, CH11, NM680, SW1.2, AHWS1120, US1100E-P, US1100E-L, US1100E-BP, US1100E-BL, AW1120E-P, AW1120E-L, 1120E-BP, AW1120E-BL, VG1120-P, VG1120-L, VG1120-BP, VG1120-BL, US1100EC-P, US1100EC-L, US1100EC-BP, US1100EC-BL, King KW1100E-L, CH11-L, KW12, DHWS 1500, CGWS1500",United States Stove Company,1.31,2.4,39683-13846,39683,13846,66,Wood Stove,Non-Catalytic Stove,Cord Wood,,1.5,Yes
ComfortBilt HP50S,"SMG Hearth and Home, LLC",Not Applicable,1.7,39170-17794,39170,17794,80,Pellet Stove,Hybrid,Wood Pellets,,0,Yes
"Winslow PI40GL, Winslow PS40GL",Innovative Hearth Products,Not Applicable,1.5,30916-8949,30916,8949,65,Pellet Stove,Non-Catalytic Stove,Wood Pellets,,0.34,Yes
Echo-Comstock II,Thelin Company Inc.,Not Applicable,0.88,26783-16754,26783,16754,75,Pellet Stove,Non-Catalytic Stove,Wood Pellets,,0.15,Yes
Providence,Thelin Company Inc.,Not Applicable,1.1,23746-10461,23746,10461,64,Pellet Stove,Non-Catalytic Stove,Wood Pellets,,0.3,Yes
"S2300 FS, S2300 PB","Sierra Products, Inc.",2.36,2.2,36591-14209,36591,14209,67,Wood Stove,Non-Catalytic Stove,Cord Wood,,1.9,Yes
Six 66-50,STUV AMERICA Inc.,1.08,1.9,17121-14802,17121,14802,68,Wood Stove,Non-Catalytic Stove,Crib Wood,,1.35,Yes
"WS110, C110, D110, H110, J110, N110, R110, T110, V110","Enerco Group, Inc.  ",2.28,0.99,49138-17400,49138,17400,70,Wood Stove,Non-Catalytic Stove,Cord Wood,,1.5,Yes
Whitney,Sun Mountain Stove Works Inc.,Not Applicable,0.47,25102-7591,25102,7591,68,Pellet Stove,Non-Catalytic Stove,Wood Pellets,,0.058,Yes
"1.4 Series (Osburn 950, Escape 1200, Gateway 1400, Solution 1.4, Spark II, Fox, Déco Nano, S250, Harmony 1.4, HES140, Blue Ridge 100)

","Stove Builder International, Inc.",1.55,1.8,26500-12100,26500,12100,74,Wood Stove,Non-Catalytic Stove,Cord Wood,,1.2,Yes
"Enviro - Meridian-2, Meridian FPI-2, Meridian Cast Iron-2, Regency Greenfire GF55-2, GFI55-2
","Sherwood Industries, Ltd.",Not Applicable,1.8,32739-7751,32739,7751,75,Pellet Stove,Non-Catalytic Stove,Wood Pellets,,0.13,Yes
"Enviro Mini 2, Enviro P3-2 Regency Greenfire GF40-2","Sherwood Industries, Ltd.",Not Applicable,0.54,23892-6881,23892,6881,80,Pellet Stove,Non-Catalytic Stove,Wood Pellets,,0.03,Yes
GAP 2020,Independent Stove LLC,Not Applicable,0.84,23002-8026,23002,8026,51,Pellet Stove,Non-Catalytic Stove,Wood Pellets,,0.225,Yes
"Enviro M55-FS-2, Enviro M55C-FS-2, Enviro M55C-FPI-2, FPI GC60-2, and FPI GCI60-2
","Sherwood Industries, Ltd.",,1.9,38437-7817,38437,7817,78,Pellet Stove,Non-Catalytic Stove,,,0.4,Yes
"2.1 Series (Destination 1.9, Matrix 1900, CW2100, Green Mountain Insert 50, HEI90, Archway 1500, Blue Ridge 150-I)","Stove Builder International, Inc.",1.03,1.5,31700-8500,31700,8500,75,Wood Stove,Non-Catalytic Stove,Cord Wood,,0.6,Yes
"Bakeheart, Warmheart",Esse Engineering Ltd.,1.09,2.15,48685-10001,48685,10001,75,Wood Stove,Non-Catalytic Stove,Cord Wood,,1.286,Yes
"Ladera-D, WRT3920-B",Innovative Hearth Products,1.71,1.66,53266-12023,53266,12023,59,Wood Stove,Non-Catalytic Stove,Cord Wood,,1.3,Yes
Mansfield 8013,Hearthstone Quality Home Heating Products Inc.,2.88,0.54,32200-14043,32200,14043,78,Wood Stove,Hybrid,Crib Wood,,0.82,Yes
S8000II TEC,"Sierra Products, Inc.",2.93,1.7,71267-16671,71267,16671,78,Wood Stove,Catalytic Stove,Cord Wood,,0.6,Yes
STUV SIX 76-55,STUV AMERICA Inc.,1.55,1.86,22732-20473,22732,20473,68,Wood Stove,Non-Catalytic Stove,Crib Wood,,1.42,Yes
STUV SIX 76-60,STUV AMERICA Inc.,1.58,1.9,23388-22079,23388,22079,68,Wood Stove,Non-Catalytic Stove,Crib Wood,,1.43,Yes
Answer NexGen Hybrid,"Travis Industries, Inc",1.4,1.4,38594-12252,38594,12252,80,Wood Stove,Hybrid,Crib Wood,,1.322,Yes
"P158, P158 D, and P158 T ",Gruppo Piazzetta S.P.A.,Not Applicable,0.79,31491-12482,31491,12482,83,Pellet Stove,Non-Catalytic Stove,Wood Pellets,,0.077,Yes
"P163, P163 D, and P163 T",Gruppo Piazzetta S.P.A.,Not Applicable,0.89,38656-12778,38656,12778,82,Pellet Stove,Non-Catalytic Stove,Wood Pellets,,0.011,Yes
Clydesdale 8492,Hearthstone Quality Home Heating Products Inc.,2.35,1.16,32588-14829,32588,14829,79,Wood Stove,Hybrid,Crib Wood,,1.1,Yes
"5780-E, AP5780-E, VG5780-E, SP5780-E, SP58-E",United States Stove Company,Not Applicable,1.1,35041-8215,35041,8215,76,Pellet Stove,Non-Catalytic Stove,Wood Pellets,,0.5,Yes
"KP5513, KP5513-P, KP5513-L, US5513, US5513-P, US5513-L, AP5613, AP5613-P, AP5613-L, VG5713, VG5713-P, VG5713-L, Little E (SP500), 5501S-XH, KP5513-W, US5513-W, AP5613-W, VG5713-W",United States Stove Company,Not Applicable,1.5,24676-10609,24676,10609,76,Pellet Stove,Non-Catalytic Stove,Wood Pellets,,0.16,Yes
"Pioneer, Galileo, Score, Magellan, Hubble, Messenger, Apollo, Gemini, Spirit, Kepler,
Kocher, Cocinera, Fornello, Kouzina, Kuchenka, Komfyr, Hubble(R), Apollo(R), Gemini(R),
Spirit(R), Kepler(R)",J. A. Roby Inc. ,3.01,1.6,55107-18372,55107,18372,72,Wood Stove,Non-Catalytic Stove,Cord Wood,,1.69,Yes
RMH-2 ,Liberator Rocket Heaters,Not Applicable,0.4,-20590,,20590,68,Pellet Stove,Non-Catalytic Stove,Wood Pellets,,0.4,Yes
F35,"Jotul North America (Jotul U.S.A., Inc.)",1.57,1.2,59443-13533,59443,13533,69,Wood Stove,Non-Catalytic Stove,Cord Wood,,1.35,Yes
"Prescott II EXP, Prescott II EXL",St. Croix Stoves (Johnson Gas Appliance Company),Not Applicable,0.7,29788-10248,29788,10248,81,Pellet Stove,Non-Catalytic Stove,Wood Pellets,,0.064,Yes
"KP5517, KP5517-P, KP5517-L,KP5517-W,US5517, US5517-P, US5517-L,US5517-W, AP5617, AP5617-P, AP5617-L,AP5617-W,VG5717, VG5717-P, VG5717-L,VG5717-W, SP33",United States Stove Company,Not Applicable,1.6,30884-11871,30884,11871,77,Pellet Stove,Non-Catalytic Stove,Wood Pellets,,0.28,Yes
"KP5522, KP5522-P, KP5522-L, KP5522-W, US5522, US5522-P, US5522-L, US5522-W, AP5622, AP5622-P, AP5622-L, AP5622-W, VG5722, VG5722-P, VG5722-L, VG5722-W, SP1100, SP1100-W, KP130-B",United States Stove Company,Not Applicable,1.5,32591-13640,32591,13640,76,Pellet Stove,Non-Catalytic Stove,Wood Pellets,,0.2,Yes
"Pleasant Hearth Small Wood Stove SWS-1200, SWS-1200-B, HWS-1200, HWS-1200-B, PWS-
1200-B PH1200WS, WSL-1200, PH1200WS-B, WSL-1200-B, GWS-1200-B, WS-1200, GWS-1200
WS-1200-B",GHP Group,1.53,1.9,56107-14295,56107,14295,78,Wood Stove,Non-Catalytic Stove,Cord Wood,,1.5,Yes
"WS100, C100, D100, H100, J100, N100, R100, T100, V100","Enerco Group, Inc.  ",1.84,1.84,48573-15447,48573,15447,73,Wood Stove,Non-Catalytic Stove,Cord Wood,,1.54,Yes
"TH-100, US500E, AW520E, VG520, SW500, CH500, KW500, CGWS750",United States Stove Company,0.59,1.7,26028-10652,26028,10652,75,Wood Stove,Non-Catalytic Stove,Crib Wood,,0.78,Yes
Endeavor NexGen-Hybrid,"Travis Industries, Inc",2.66,1.2,31922-10252,31922,10252,80,Wood Stove,Hybrid,Crib Wood,,0.218,Yes
"2.5R Series (Solution 2.5 ZC II, Stratford II, FP10 Lafayette II, FP12 Mundo II, HE250R, Destination 2.7, Matrix 2700, FP10 Lafayette IIS, WFP-75 8411, HE275, HE275CF, Green Mountain Insert 90 8460, St. Clair 2500)","Stove Builder International, Inc.",1.94,1.2,60700-12700,60700,12700,64,Wood Stove,Non-Catalytic Stove,Cord Wood,,1.6,Yes
Fusion 24 24FN,"Foyers Supreme, Inc",2.94,1.5,44605-16266,44605,16266,65,Wood Stove,Non-Catalytic Stove,Cord Wood,,2.4,Yes
Ashby-P II,St. Croix Stoves (Johnson Gas Appliance Company),Not Applicable,1.3,28966-9696,28966,9696,80,Pellet Stove,Non-Catalytic Stove,Wood Pellets,,0.014,Yes
Sahara,Gruppo Piazzetta S.P.A.,Not Applicable,1.3,39422-15224,39422,15224,83,Pellet Stove,Non-Catalytic Stove,Wood Pellets,,0,Yes
"US1261E, USLW900E",United States Stove Company,1.145,1.9,33557-28784,33557,28784,68,Wood Stove,Non-Catalytic Stove,,,1.65,Yes
"5660 B, 5600 B Standard",Morso Jernstoberi A/S,1.15,1.2,43499-15774,43499,15774,71,Wood Stove,Non-Catalytic Stove,Cord Wood,,0.96,Yes
Independence PS21,"Freedom Stoves, LLC",Not Applicable,1.6,27884-8526,27884,8526,78,Pellet Stove,Non-Catalytic Stove,Wood Pellets,,0,Yes
42 Apex NexGen-Hybrid,"Travis Industries, Inc",3.18,1.2,38005-9795,38005,9795,77,Wood Stove,Hybrid,Crib Wood,,0.85,Yes
"Evergreen NexGen-Hybrid Free-Standing, Evergreen NexGen-Hybrid Insert","Travis Industries, Inc",2.18,1.2,31641-10768,31641,10768,77,Wood Stove,Hybrid,Crib Wood,,0.64,Yes
HP 40,"SMG Hearth and Home, LLC",Not Applicable,0.74,26224-13458,26224,13458,81,Pellet Stove,Non-Catalytic Stove,Wood Pellets,,0.3,Yes
Large Flush Wood NexGen-Hybrid,"Travis Industries, Inc",2.72,0.8,39829-11162,39829,11162,78,Wood Stove,Hybrid,Crib Wood,,0.56,Yes
"Bistro Series (Bistro, Gusto, Pyra, 600, HEC240, IW600)","Stove Builder International, Inc.",2.26,2,50200-14300,50200,14300,76,Wood Stove,Non-Catalytic Stove,Cord Wood,,1,Yes
"Francesca 2015 (01-US-001A), Nicole (2005ERU1), RV 80 Ceramica (014-US-007A), Francesca Top Outlet",Ravelli SRL,Not Applicable,1,28231-11695,28231,11695,81,Pellet Stove,Non-Catalytic Stove,Wood Pellets,,0.104,Yes
44 Elite NexGen-Hybrid,"Travis Industries, Inc",4.2,1.1,54510-12016,54510,12016,81,Wood Stove,Hybrid,Crib Wood,,0.48,Yes
"Lincoln 8060, Green Mountain 20 (8620), Dorset (8330)",Hearthstone Quality Home Heating Products Inc.,1,1.1,20507-14545,20507,14545,79,Wood Stove,Hybrid,Crib Wood,,0.6,Yes
Castle Serenity 41278,"ARDISAM, Inc. ",Not Applicable,1,26493-12807,26493,12807,78,Pellet Stove,Non-Catalytic Stove,Wood Pellets,,0,Yes
"Nexo 100 ManualNexo 100 Classic Manual, Nexo 120 ManualNexo 120 Classic Manual, 
Nexo 140 ManualNexo 140 Classic Manual, Nexo 160 ManualNexo 160 Classic Manual, Nexo 
185 ManualNexo 185 Classic Manual, Nexo 100 G ManualNexo 100 G Classic Manual, Nexo 
120 G ManualNexo 120 G Classic Manual, Nexo 140 G ManualNexo 140 G Classic Manual, 
Nexo 160 G ManualNexo 160 G Classic Manual, Nexo 185 G ManualNexo 185 G Classic 
Manual",Rais A/S,1.48,1.1,20238-13149,20238,13149,72,Wood Stove,Non-Catalytic Stove,Crib Wood,,2.1,Yes
Medium Flush Wood NexGen-Hybrid,"Travis Industries, Inc",2.23,1.2,39456-11076,39456,11076,77,Wood Stove,Hybrid,Crib Wood,,0.42,Yes
"WS090, C090, D090, H090, J090, N090, R090, T090, V090","Enerco Group, Inc.  ",1.16,1.9,27513-26970,27513,26970,68,Wood Stove,Non-Catalytic Stove,Crib Wood,,1.4,Yes
P42i-TC,Hearth and Home Technologies,Not Applicable,1,32782-5637,32782,5637,79,Pellet Stove,Non-Catalytic Stove,Wood Pellets,,0.31,Yes
"1.7R Series: Blackcomb II, Escape 1500, Deco II, Columbia II, Savannah II, FW2800, Osburn 1700, Inspire 1700, Harmony 1.7, Solution 1.7, Blue Ridge 200P, Blue Ridge 200L, HES170, Gateway 1700, Escape 1500-I, CW2800, Osburn 1700-I, Matrix 1700-I, Inspire 1700-I, Destination 1.7, Solution 1.7-I, Blue Ridge 200-I, HEI170, Archway 1700","Stove Builder International, Inc.",1.86,2.4,52200-9800,52200,9800,68,Wood Stove,Non-Catalytic Stove,Cord Wood,,1.7,Yes
"F2500-1, I2500-1",FPI/Regency Fireplace Products,2.3,1.4,29795-13580,29795,13580,78,Wood Stove,Catalytic Stove,Crib Wood,,0.51,Yes
"H1 Hybrid, H2 Hybrid, H3 Hybrid",Aduro AS,0.653,1.2,53832-27630,53832,27630,80,Wood Stove,Non-Catalytic Stove,Cord Wood,,1.5,Yes
"H1 Hybrid, H2 Hybrid, H3 Hybrid",Aduro AS,Not Applicable,0.4,21240-7451,21240,7451,80,Pellet Stove,Non-Catalytic Stove,Wood Pellets,,0.03,Yes
"K-181 Series: Aspen LE-1, Tamarack LE-1, Aberdeen LE-1, and Alpine LE-1",Kuma Stove And Iron Works,1.821,1.1,29153-12764,29153,12764,78,Wood Stove,Catalytic Stove,Crib Wood,,0.45,Yes
Shaker,Wittus Inc.,1.46,1.8,21399-18218,21399,18218,76,Wood Stove,Catalytic Stove,Crib Wood,,0.87,Yes
TN25 C,Pacific Energy Fireplace Products Limited,1.98,1.1,29202-13447,29202,13447,76,Wood Stove,Catalytic Stove,Crib Wood,,1.3,Yes
HTP Bay,"Heat Tech Industries, LLC. ",Not Applicable,1.7,20846-7181,20846,7181,64,Pellet Stove,Non-Catalytic Stove,Wood Pellets,,0.71,Yes
HTP Standard,"Heat Tech Industries, LLC. ",Not Applicable,1.2,19455-8419,19455,8419,67,Pellet Stove,Non-Catalytic Stove,Wood Pellets,,0.35,Yes
"CI2700-1, HI500-1",FPI/Regency Fireplace Products,1.83,1.1,27168-14291,27168,14291,77,Wood Stove,Catalytic Stove,Crib Wood,,0.5,Yes
Eclipse-P II,St. Croix Stoves (Johnson Gas Appliance Company),Not Applicable,1.9,37669-15784,37669,15784,77,Pellet Stove,Non-Catalytic Stove,Wood Pellets,,0.017,Yes
Element-P II,St. Croix Stoves (Johnson Gas Appliance Company),Not Applicable,1.1,31773-9318,31773,9318,79,Pellet Stove,Non-Catalytic Stove,Wood Pellets,,0.005,Yes
F3500B-1,FPI/Regency Fireplace Products,3.024,1.1,30659-13650,30659,13650,76,Wood Stove,Catalytic Stove,Crib Wood,,1.8,Yes
Frontier II,Hearth and Home Technologies,Not Applicable,1.6,37362-18304,37362,18304,78,Pellet Stove,Non-Catalytic Stove,Wood Pellets,,1.5,Yes
Hastings II,St. Croix Stoves (Johnson Gas Appliance Company),Not Applicable,1.2,33190-12082,33190,12082,79,Pellet Stove,Non-Catalytic Stove,Wood Pellets,,0.014,Yes
"SP1000E, KP1000E, AP1000E, US1000E",United States Stove Company,Not Applicable,1,39121-6580,39121,6580,75,Pellet Stove,Non-Catalytic Stove,Wood Pellets,,0.19,Yes
Nova C,MF Fire,1.7,1.9,28140-23654,28140,23654,71,Wood Stove,Catalytic Stove,Crib Wood,,0.94,Yes
"Grecale, Grecale Glass, Round, Round Glass, Ethesia, Ethesia Glass",Dielle SpA,Not Applicable,1,35644-13655,35644,13655,75,Pellet Stove,Non-Catalytic Stove,Wood Pellets,,0.214,Yes
"K-251 Series: Ashwood LE-1, Wood Classic LE-1, Cambridge LE-1, Cascade LE-1",Kuma Stove And Iron Works,2.56,1.1,30612-11219,30612,11219,78,Wood Stove,Catalytic Stove,Crib Wood,,0.49,Yes
Rockport NexGen-Hybrid,"Travis Industries, Inc",2.04,0.73,42722-12594,42722,12594,80,Wood Stove,Catalytic Stove,Crib Wood,,0.493,Yes
F445,"Jotul North America (Jotul U.S.A., Inc.)",2.03,0.49,35722-13212,35722,13212,72,Wood Stove,Catalytic Stove,Crib Wood,,0.6,Yes
"65R Series: Eco-65R, Blue Ridge P120","Stove Builder International, Inc.",Not Applicable,0.77,28526-6966,28526,6966,77,Pellet Stove,Non-Catalytic Stove,Wood Pellets,,0.22,Yes
"Europa 75a, Rafael 55a",FlamPoint EnerG,Not Applicable,0.08,28051-7144,28051,7144,83,Pellet Stove,Non-Catalytic Stove,Wood Pellets,,0.054,Yes
"Giulia Air, Valentina Air N",Laminox,Not Applicable,1.6,48694-26918,48694,26918,84,Pellet Stove,Non-Catalytic Stove,Wood Pellets,,0.74,Yes
HP42-Alpine,"SMG Hearth and Home, LLC",Not Applicable,1.1,42370-14567,42370,14567,86,Pellet Stove,Non-Catalytic Stove,Wood Pellets,,0.041,Yes
"Phenix Air, Lydia Natural",Laminox,Not Applicable,1.3,35281-14245,35281,14245,79,Pellet Stove,Non-Catalytic Stove,Wood Pellets,,0.08,Yes
HP41 - Alpine,"SMG Hearth and Home, LLC",Not Applicable,1.6,32155-12744,32155,12744,80,Pellet Stove,Non-Catalytic Stove,Wood Pellets,,0.072,Yes
HP75C,"SMG Hearth and Home, LLC",Not Applicable,1.4,43298-10525,43298,10525,81,Pellet Stove,Non-Catalytic Stove,Wood Pellets,,0.089,Yes
36 Elite NexGen-Hybrid,"Travis Industries, Inc",3.135,0.6,47514-10733,47514,10733,80,Wood Stove,Hybrid,Crib Wood,,0.548,Yes
"Quadra-Fire Pioneer III-ARC & Quadra-Fire – Pioneer III -REC Wood Heater Model Line, 
Models: Heat & Glo Pioneer-III-ARC, Heat & Glo Pioneer-III-REC, Heatilator Pioneer-III-ARC, 
Heatilator Pioneer-III-REC, Majestic Pioneer-III-ARC, Majestic Pioneer-III-REC",Hearth and Home Technologies,4.06,1.3,18341-17665,18341,17665,68,Wood Stove,Non-Catalytic Stove,Crib Wood,,2,Yes
"US2000 Model Line: AW2020, AW2020-L, US2000-L, US2000-BL, US2000-BP, US2000-P, 
AW2020-P, AW2020-BP, AW2020-BL, KW2000-P, KW2000, KW2020, KW20, KW2000-L, CH20E, 
VG2020E-P, VG2020E-L, VG2020E-BP, VG2020E-BL, CGWS2000, US2000-WP, US2000-WL, 
AW2020-W, AW2020-WP, VG2020-W, VG2020E-W, KW2000-W, KW2020-W, SW2.0E, KWS2020, US2000-W",United States Stove Company,1.63,1.6,34130-11565,34130,11565,70,Wood Stove,Non-Catalytic Stove,Crib Wood,,1.9,Yes
"T2100GLS, C210AGLS, C210TGLS, S210AGLS, WXS2021WSS",Innovative Hearth Products,2,1.5,35000-11600,35000,11600,73,Wood Stove,Non-Catalytic Stove,Crib Wood,,1.7,Yes
"US2500E, AW2520E, VG2520, CH25, NM1190, SW2.5, AHWS2520, US2500E-P, US2500E-L, US2500E-BP, US2500E-BL, AW2520E-P, AW2520E-L, AW2520E-BP, AW2520E-BL, VG2520-P, VG2520-L, VG2520-BP, VG2520-BL, KW2500E-L, KW25, Comfort Glow CGWS2500, DuraHeat DHWS2500",United States Stove Company,2.73,2.4,50470-20053,50470,20053,72,Wood Stove,Non-Catalytic Stove,Cord Wood,,1.49,Yes
"16 IN Model Line: Lumis 16 (16 IN), Flair 25 (16 IN), Regal 16 (16IN)","Foyers Supreme, Inc",1.26,0.95,27042-9436,27042,9436,66,Wood Stove,Non-Catalytic Stove,Crib Wood,,1.5,Yes
"Alterra Pro I3000 Series (I300R, I300A)",FPI/Regency Fireplace Products,2.92,0.95,33155-13794,33155,13794,78,Wood Stove,Catalytic Stove,Crib Wood,,0.44,Yes
"L 800 ZC, L 800 Module, L 800 Insert",Spartherm,1.56,1.3,20406-19931,20406,19931,71,Wood Stove,Non-Catalytic Stove,Crib Wood,,0.8,Yes
"NEO 1.6 LE2 Model Line (Vista LE2, Vista Classic LE2, NEO 1.6 LE2, Alderlea T4 LE2, Vista Insert LE2, NEO 1.6 Insert LE2)",Pacific Energy Fireplace Products Limited,1.37,1.6,30149-12315,30149,12315,75,Wood Stove,Non-Catalytic Stove,Crib Wood,,1.4,Yes
F602 V3,"Jotul North America (Jotul U.S.A., Inc.)",0.79,1.4,23415-5994,23415,5994,77,Wood Stove,Catalytic Stove,Crib Wood,,1.3,Yes
"FBX S, FBX S+, FBX T, FBX R, FBX BUMP, ZEFIRO",Dielle SpA,Not Applicable,1.9,29464-16320,29464,16320,79,Pellet Stove,Non-Catalytic Stove,Wood Pellets,,0.217,No
Liberty NexGen-Hybrid,"Travis Industries, Inc",4.14,0.9,47138-11598,47138,11598,80,Wood Stove,Catalytic Stove,Crib Wood,,0.484,Yes
"5770E, AP5770E, VG5770E, US5770E, KP5770E, KP5770E-W, CGPS2100, DH3000, BHPS30",United States Stove Company,Not Applicable,1.1,23449-10300,23449,10300,78,Pellet Stove,Non-Catalytic Stove,Wood Pellets,,0.1,Yes
"5790E, AP5790E, VG5790E, KP5790E, KP5790-W, US5790E, CGPS2200, DH4800, BHPS48",United States Stove Company,Not Applicable,1,36300-8950,36300,8950,75,Pellet Stove,Hybrid,Wood Pellets,,0.25,Yes
"F2450-2, i2450-2, Hi2450-2",FPI/Regency Fireplace Products,2.24,1.6,29986-12903,29986,12903,70,Wood Stove,Non-Catalytic Stove,Crib Wood,,2.1,Yes
"Heat & Glo Pioneer-II-ARC, Heat & Glo Pioneer-II-REC, Heat & Glo Northstar-D, Heatilator C40-D, Majestic, WarmMajic-D, Heatilator Pioneer-II-ARC, Majestic Pioneer-II-ARC, Heatilator Pioneer-II-REC, Majestic Pioneer-II-REC",Hearth and Home Technologies,2.75,1.7,21357-20498,21357,20498,69,Wood Stove,Non-Catalytic Stove,Crib Wood,,1.7,Yes
"Lumis 22 – Soapstone, Regal 22 – Soapstone, Flair 29, Lumis 22 - Cast Iron, Regal 22 – Cast Iron","Foyers Supreme, Inc",1.91,1.3,19559-10076,19559,10076,67,Wood Stove,Non-Catalytic Stove,Crib Wood,,2.2,Yes
"NEO 2.5 LE2, NEO 2.5 Insert LE2",Pacific Energy Fireplace Products Limited,1.88,1.6,29536-13240,29536,13240,73,Wood Stove,Non-Catalytic Stove,Crib Wood,,1.6,Yes
"Everest III Series: Everest III, HE325R, Dallaire, St. Clair 3000R, Solution 3.0 ZC","Stove Builder International, Inc.",2.61,1.9,78200-23900,78200,23900,65,Wood Stove,Non-Catalytic Stove,Cord Wood,,1.7,Yes
"Mini Wood Stove: WS080, C080, D080, HO80, J080, N080, R080, T080, V080","Enerco Group, Inc.  ",0.57,1.6,26631-10710,26631,10710,72,Wood Stove,Non-Catalytic Stove,Crib Wood,,0.74,Yes
"F1150-1, i1150-1, Ci1150-1, Hi1150-1",FPI/Regency Fireplace Products,0.89,1.3,27353-12700,27353,12700,71,Wood Stove,Non-Catalytic Stove,Crib Wood,,1.1,Yes
"Medium Wood Stove Series: MWS-2200L, MWS-2200LB, MWS-2200LE, MWS-2200P, MWS-2200PB, MWS-2200PE, 2200L-MWS, 2200LB-MWS, 2200LE-MWS, 2200P-MWS, 2200PB-MWS, 2200PE-MWS, MWS-2200LZ, MWS-2200LBZ, MWS-2200LEZ, MWS-2200PZ, MWS-2200PBZ, MWS-2200PEZ, 2200LZ-MWS, 2200LBZ-MWS, 2200LEZ-MWS, 2200PZ-MWS, 2200PBZ-MWS, 2200PEZ-MWS, HCSM22L, HCSM22LB, HCSM22LE, HCSM22P, HCSM22PB, HCSM22PE",GHP Group,1.94,1.8,44459-12335,44459,12335,72,Wood Stove,Non-Catalytic Stove,Crib Wood,,1.802,Yes
Mini Me,"509 Fabrications, Inc.",Not Applicable,0.36,29388-12567,29388,12567,76,Pellet Stove,Non-Catalytic Stove,Wood Pellets,,0.22,Yes
"Spartherm M 700 Series: Spartherm M 700 Insert, Spartherm M 700 ZC, and Spartherm M 700 Module",Spartherm,1.58,1.7,24906-24269,24906,24269,66,Wood Stove,Non-Catalytic Stove,Crib Wood,,1,Yes
"Spartherm S 600 Insert, Spartherm S 600 ZC, Spartherm S 600 Module",Spartherm,0.94,1.8,21299-20345,21299,20345,62,Wood Stove,Non-Catalytic Stove,Crib Wood,,0.8,Yes
"Green Mountain 80-1 (Model 8681), Okemo (Model 8380), Hipster 30 (Model 8280)",Hearthstone Quality Home Heating Products Inc.,3.16,0.53,33424-14846,33424,14846,80,Wood Stove,Hybrid,Crib Wood,,0.2,Yes
C550 V2,"Jotul North America (Jotul U.S.A., Inc.)",1.9,1.1,36214-11757,36214,11757,77,Wood Stove,Catalytic Stove,Crib Wood,,0.3,Yes
"Breckwell and Golden Eagle: SP22E, SP22Ei, 5040E and 5040Ei ",United States Stove Company,Not Applicable,1.3,26724-7177,26724,7177,75,Pellet Stove,Non-Catalytic Stove,Wood Pellets,,0.23,Yes
"Supero, Ignis, Calor",J. A. Roby Inc. ,1.397,1.5,20184-12704,20184,12704,71,Wood Stove,Non-Catalytic Stove,Crib Wood,,1.2,Yes
"SR-3.2 Series: St-Louis, Helia, Elevate, Chambly, HEA200","Stove Builder International, Inc.",3.15,1.8,83857-29605,83857,29605,76,Wood Stove,Non-Catalytic Stove,Crib Wood,Alternate Test Method Used,1.4,Yes
"Breckwell SP24E (Blazer), SP24iE (Blazer)",United States Stove Company,Not Applicable,0.66,22587-5993,22587,5993,77,Pellet Stove,Non-Catalytic Stove,Wood Pellets,,0.03,Yes
"RSF 3600B Series: Pearl 3600B, Perle 3600B, Focus 3600B, Focus 3600Bi","RSF / Industrial Chimney Company, Incorporated",1.6,1.7,25406-11757,25406,11757,70,Wood Stove,Non-Catalytic Stove,Crib Wood,,1.3,Yes
Deerfield II,"Travis Industries, Inc",Not Applicable,1.5,37118-15666,37118,15666,80,Pellet Stove,Non-Catalytic Stove,Wood Pellets,,0.128,Yes
Fireview Soapstone Stove 205b,"Woodstock Soapstone Company, Inc.",1.85,1.6,56499-10590,56499,10590,77,Wood Stove,Catalytic Stove,Crib Wood,,0.9,Yes
"5660, AP5660E, US5660, VG5660, SP566, 5660-W, AP5660-W, US5660-W, VG5660-W,
5660-KIT, AP5660-KIT, US5660-KIT, VG5660-KIT,  CGPS1525",United States Stove Company,Not Applicable,1.7,29876-10100,29876,10100,75,Pellet Stove,Non-Catalytic Stove,Wood Pellets,,0.16,Yes
"Montecito-C Series: Montecito-C, WCT6920WSS, Bainbridge-B, WCT4920WSS",Innovative Hearth Products,2.19,1.5,81385-14463,81385,14463,61,Wood Stove,Non-Catalytic Stove,Cord Wood,,0.8,Yes
"Nova 2C, Nova 2C Tower",MF Fire,2.33,1.4,21009-19012,21009,19012,78,Wood Stove,Catalytic Stove,Cord Wood,,0.515,Yes
Vermont Castings by Forge and Flame Dauntless-C,Hearth and Home Technologies,1.82,1.7,21356-13560,21356,13560,75,Wood Stove,Catalytic Stove,Crib Wood,,1,Yes
Progress Hybrid 209b,"Woodstock Soapstone Company, Inc.",2.8,0.46,35222-15257,35222,15257,80,Wood Stove,Hybrid,Crib Wood,,0.07,Yes
"1410B, 1440B, 1450B",Morso Jernstoberi A/S,0.74,1.8,24733-13250,24733,13250,73,Wood Stove,Non-Catalytic Stove,Crib Wood,,0.95,Yes
"2.3 Series (Archway 2300, FW2900, Gateway 2300, Green Mountain Insert 70, Escape 
1800, Inspire 2000, Inspire 2000-I, Matrix, Escape 1800-I, Osburn 2000, Osburn 2000-I, 
Harmony 2.3, Solution 2.3, Solution 2.3-I, CW2900, Destination 2.3-I, Matrix-I, HES240, 
HEI240, Heritage, Deco Alto, Harmony 2.3-I, Blue Ridge 300P, Blue Ridge 300L, and Blue 
Ridge 300-I)","Stove Builder International, Inc.",1.95,2.3,44500-14200,44500,14200,72,Wood Stove,Non-Catalytic Stove,Cord Wood,,1.1,Yes
"20.2 Series: Ashford 20.2 (AF20.2), 
Chinook 20.2 (CK20.2), Sirocco 20.2 (SC20.2)","Blaze King Industries, Inc.",1.86,1.05,31092-10786,31092,10786,80,Wood Stove,Catalytic Stove,Crib Wood,,0.57,Yes
"212N Navajo Hybrid Wood-Coal, 212S Survival Hybrid Wood-Coal","Woodstock Soapstone Company, Inc.",1.15,1,27294-15332,27294,15332,79,Wood Stove,Hybrid,Crib Wood,,0.15,Yes
21NC,New Buck Corporation (Buck Stove Corp.),1.4,1.7,28901-11079,28901,11079,70,Wood Stove,Non-Catalytic Stove,Crib Wood,,6.1,Yes
"25 Series: Sirocco 25 (SC25) Insert, Ashford 25 (AF25) Insert, Boxer 24 (BX24) Freestanding","Blaze King Industries, Inc.",2.08,0.74,24085-8038,24085,8038,79,Wood Stove,Catalytic Stove,Crib Wood,,0.21,Yes
"25-CBPAH, 55-SHPCBPAH, 55-TRPCBPAH ","Stove Builder International, Inc.",Not Applicable,1.5,25123-11099,25123,11099,68,Pellet Stove,Non-Catalytic Stove,Wood Pellets,,0.002,Yes
"25CAB80, 55-SHPCAB80, 55-TRPCAB80, 25-CAB80S, 55-SHPCAB80S, 55-RPCAB80S","Stove Builder International, Inc.",Not Applicable,1.13,20959-11641,20959,11641,64,Pellet Stove,Non-Catalytic Stove,Wood Pellets,,0.03,Yes
2B Classic 2020,Morso Jernstoberi A/S,0.686,0.5,31988-9037,31988,9037,80,Wood Stove,Non-Catalytic Stove,Cord Wood,,0.5,Yes
"3.5 Series (Solution 3.5, Osburn 3500, Gateway 3500, Escape 2100, HT-3000, Solution 3.5-I, FW3500, Osburn 3500-I, HES350, Hei350, Blue Ridge 500, Escape 2100-I, CW3500, Blue Ridge 500-I)","Stove Builder International, Inc.",2.88,1.6,57800-17200,57800,17200,71,Wood Stove,Non-Catalytic Stove,Cord Wood,,1.2,Yes
"30 Compact, 30 Compact-H, 30 Compact-one",STUV AMERICA Inc.,0.99,1.8,17049-12550,17049,12550,74,Wood Stove,Non-Catalytic Stove,Crib Wood,,1.14,Yes
"30.2 Series: Sirocco 30.2 (SC30.2),
Ashford 30.2 (AF30.2), and Chinook 30.2 (CK30.2)","Blaze King Industries, Inc.",2.843,0.81,36076-10094,36076,10094,83,Wood Stove,Catalytic Stove,Crib Wood,,0.65,Yes
"3112B, 3142B",Morso Jernstoberi A/S,0.85,1.9,28000-9199,28000,9199,68,Wood Stove,Non-Catalytic Stove,Crib Wood,,0.93,Yes
"55-SHPCB120, 55-TRPCB120, and 25-CB120","Stove Builder International, Inc.",Not Applicable,1.4,23466-11993,23466,11993,76,Pellet Stove,Non-Catalytic Stove,Wood Pellets,,0.27,Yes
"5710, AP5710, VG5710, 5501S, AP5501S, VG5501S, 5710-XH, and US513M",United States Stove Company,Not Applicable,1,27492-13281,27492,13281,69,Pellet Stove,Non-Catalytic Stove,Wood Pellets,,0.1,Yes
"5770, 5770i, VG5770, VG5770i, AP5770, AP5770i, DNMP577, DNMP577i, 5790, VG5790, AP5790, DNMP579, Comfort Glow CGPS2100, CGPS2200, DuraHeat DHPS2100, DuraHeat DHPS2200",United States Stove Company,Not Applicable,0.85,18619-8830,18619,8830,70,Pellet Stove,Non-Catalytic Stove,Wood Pellets,,0.41,Yes
"5780, AP5780, VG5780, SP5780, and SP58",United States Stove Company,Not Applicable,1.3,26386-12293,26386,12293,72,Pellet Stove,Non-Catalytic Stove,Wood Pellets,,0.21,Yes
AGP Insert,"Travis Industries, Inc",Not Applicable,0.98,33686-8320,33686,8320,76,Pellet Stove,Non-Catalytic Stove,Wood Pellets,,0.21,Yes
AGP PS,"Travis Industries, Inc",Not Applicable,1.8,34738-8959,34738,8959,76,Pellet Stove,Non-Catalytic Stove,Wood Pellets,,0.31,Yes
Absolute Steel Hybrid 211,"Woodstock Soapstone Company, Inc.",2.43,0.5,45317-14426,45317,14426,77,Wood Stove,Hybrid,Crib Wood,,0.04,Yes
"Ambiance Elegance 36 24SF, Novo 24 - Soapstone","Foyers Supreme, Inc",2.24,1.8,25944-10125,25944,10125,67,Wood Stove,Non-Catalytic Stove,Crib Wood,,1.7,Yes
"Astra 18, Elegance 30, Novo 18 – Soapstone, and Novo 18 – Cast Iron ","Foyers Supreme, Inc",1.56,1.2,19821-11152,19821,11152,70,Wood Stove,Non-Catalytic Stove,Crib Wood,,1.8,Yes
"Astra 24 24SFC, Novo 24 - Cast Iron, Monarch 24 (24SFC)","Foyers Supreme, Inc",2.25,1,24090-11131,24090,11131,71,Wood Stove,Non-Catalytic Stove,Crib Wood,,1.6,Yes
"Astra 32, Elegance 40","Foyers Supreme, Inc",3.2,1.5,29274-12430,29274,12430,67,Wood Stove,Non-Catalytic Stove,Crib Wood,,1.97,Yes
"Astra 38, Elegance 42, Novo 38 – Soapstone, Novo 38 Cast Iron","Foyers Supreme, Inc",3.5,1.8,26354-11704,26354,11704,68,Wood Stove,Non-Catalytic Stove,Crib Wood,,2.1,Yes
"BayWin Free Standing, BayWin Insert, BWS-BD, BWS-GD, BWI-BD, BWI-GD",APR Industries Ltd.,Not Applicable,0.83,28727-8019,28727,8019,76,Pellet Stove,Non-Catalytic Stove,Wood Pellets,,0.046,Yes
"Breckwell Maverick SP22(i), Breckwell Sonora SP23(i), Breckwell Blazer Insert SP24(i), Breckwell SP2000(i), Breckwell AP2000(i), Breckwell SP2700, Breckwell SP4000, Breckwell SPC4000, Breckwell APC4000, Breckwell 5040(i) ",United States Stove Company,Not Applicable,0.49,32788-4814,32788,4814,63,Pellet Stove,Non-Catalytic Stove,Wood Pellets,,0.1,Yes
"Breckwell SP1000, Big E",United States Stove Company,Not Applicable,1.5,31935-5813,31935,5813,66,Pellet Stove,Non-Catalytic Stove,Wood Pellets,,0.25,Yes
"Breckwell SP2047 (Traverse), GW7400, ARGO500",United States Stove Company,Not Applicable,0.41,33684-16030,33684,16030,75,Pellet Stove,Non-Catalytic Stove,Wood Pellets,,0.36,Yes
Castle Serenity 12327,"ARDISAM, Inc. ",Not Applicable,1.1,22266-9831,22266,9831,70,Pellet Stove,Non-Catalytic Stove,Wood Pellets,,,Yes
Castleton 8031,Hearthstone Quality Home Heating Products Inc.,1.9,0.98,24540-12501,24540,12501,77,Wood Stove,Hybrid,Crib Wood,,0.55,Yes
"Cook, Cicero, Chief, Cuistot, Elda, Marmiton",J. A. Roby Inc. ,1.37,1.9,21782-9806,21782,9806,64,Wood Stove,Non-Catalytic Stove,Crib Wood,,0.03,Yes
Delta Fusion,"RSF / Industrial Chimney Company, Incorporated",4.04,1.3,34057-33721,34057,33721,60,Wood Stove,Non-Catalytic Stove,Crib Wood,,2.38,Yes
"EF2-1, Chatham-1, Davenport-1, Kinderhook-1","Sherwood Industries, Ltd.",Not Applicable,1.4,32134-8852,32134,8852,77,Pellet Stove,Non-Catalytic Stove,Wood Pellets,,0.123,Yes
EasyFire Pellet Stove,"Sierra Products, Inc.",Not Applicable,0.82,17732-7943,17732,7943,63,Pellet Stove,Non-Catalytic Stove,Wood Pellets,,0.56,Yes
"Enviro – Maxx-1
","Sherwood Industries, Ltd.",Not Applicable,1.5,67020-27745,67020,27745,77,Pellet Stove,Non-Catalytic Stove,Wood Pellets,,0.24,Yes
F 500 V3,"Jotul North America (Jotul U.S.A., Inc.)",2.41,0.5,38804-14001,38804,14001,78,Wood Stove,Hybrid,Crib Wood,,0.5,Yes
"F1500, I1500",FPI/Regency Fireplace Products,0.98,1,24488-14244,24488,14244,78,Wood Stove,Catalytic Stove,Crib Wood,,0.32,Yes
F5200,FPI/Regency Fireplace Products,4.42,0.84,36398-13876,36398,13876,80,Wood Stove,Catalytic Stove,Crib Wood,,1,Yes
"FP16 LE, FP16 AR LE",Pacific Energy Fireplace Products Limited,1.33,1.4,46972-12229,46972,12229,63,Wood Stove,Non-Catalytic Stove,Cord Wood,,0.9,Yes
Farringdon 16,ARADA STOVES Ltd. ,1.57,1.5,27025-8928,27025,8928,77,Wood Stove,Catalytic Stove,Crib Wood,,0.91,Yes
"Focus 320 SBR, Onyx SBR","RSF / Industrial Chimney Company, Incorporated",2.1,1.4,22563-21131,22563,21131,66,Wood Stove,Non-Catalytic Stove,Crib Wood,,1.5,Yes
Fusion 18 18FN,"Foyers Supreme, Inc",1.86,1.9,22421-10958,22421,10958,67,Wood Stove,Non-Catalytic Stove,Crib Wood,,1.8,Yes
"GV300GL, ML300GL",Innovative Hearth Products,2.92,1.8,39232-13693,39232,13693,74,Wood Stove,Non-Catalytic Stove,Crib Wood,,2.5,Yes
"Green Mountain 40 Series: Green Mountain 40 (8640), Craftsbury 2 (8392), Hipster 14 (AMB8240)",Hearthstone Quality Home Heating Products Inc.,1.32,1.1,31581-13876,31581,13876,79,Wood Stove,Hybrid,Crib Wood,,0.52,Yes
"Green Mountain 60 8660, Hipster 20 AMB8260, Shelburne 8372",Hearthstone Quality Home Heating Products Inc.,2.03,0.6,33576-12608,33576,12608,79,Wood Stove,Hybrid,Crib Wood,,0.49,Yes
Green Mountain 80 8680,Hearthstone Quality Home Heating Products Inc.,3.16,0.67,33396-15069,33396,15069,81,Wood Stove,Hybrid,Crib Wood,,0.23,Yes
"HE350, FP-15-Waterloo, Horizon, Monaco XL, WFP100, FP-15A Waterloo, St. Clair 4300, Solution 4.5 ZC","Stove Builder International, Inc.",4.28,1.6,43000-16600,43000,16600,64,Wood Stove,Non-Catalytic Stove,Cord Wood,,2.6,Yes
HP 21,"SMG Hearth and Home, LLC",Not Applicable,1.5,31753-12349,31753,12349,76,Pellet Stove,Non-Catalytic Stove,Wood Pellets,,0,Yes
HP 61 ,"SMG Hearth and Home, LLC",Not Applicable,1.2,39769-17617,39769,17617,80,Pellet Stove,Non-Catalytic Stove,Wood Pellets,,0.51,Yes
Harman Absolute 43-C ,Hearth and Home Technologies,Not Applicable,0.99,44183-14141,44183,14141,77,Pellet Stove,Non-Catalytic Stove,Wood Pellets,,0.1,Yes
Harman Absolute 63 ,Hearth and Home Technologies,Not Applicable,1.4,46399-10164,46399,10164,77,Pellet Stove,Non-Catalytic Stove,Wood Pellets,,0.93,Yes
Harman Accentra 52i-TC,Hearth and Home Technologies,Not Applicable,1.1,50262-11186,50262,11186,76,Pellet Stove,Non-Catalytic Stove,Wood Pellets,,0.25,Yes
Harman Accentra-2,Hearth and Home Technologies,Not Applicable,0.62,25210-6253,25210,6253,71,Pellet Stove,Non-Catalytic Stove,Wood Pellets,,0.07,Yes
Harman Allure 50,Hearth and Home Technologies,Not Applicable,1.5,39105-9001,39105,9001,75,Pellet Stove,Non-Catalytic Stove,Wood Pellets,,0.51,Yes
Harman P43-C ,Hearth and Home Technologies,Not Applicable,1.8,33252-18783,33252,18783,77,Pellet Stove,Non-Catalytic Stove,Wood Pellets,,1.866,Yes
Harman P61-C,Hearth and Home Technologies,Not Applicable,1.5,46831-17085,46831,17085,79,Pellet Stove,Non-Catalytic Stove,Wood Pellets,,0.18,Yes
Harman P68-C,Hearth and Home Technologies,Not Applicable,1.4,52664-15756,52664,15756,79,Pellet Stove,Non-Catalytic Stove,Wood Pellets,,0.2,Yes
Harman XXV-TC,Hearth and Home Technologies,Not Applicable,1.7,35283-7096,35283,7096,72,Pellet Stove,Non-Catalytic Stove,Wood Pellets,,0.58,Yes
Heritage 8024,Hearthstone Quality Home Heating Products Inc.,2.18,0.54,35845-12317,35845,12317,77,Wood Stove,Hybrid,Crib Wood,,1.14,Yes
"Invicta Group: Kazan, Kazan GA, Kiara, Kiara GA ",Energy Distribution,1.53,1.8,23830-23070,23830,23070,63,Wood Stove,Non-Catalytic Stove,Crib Wood,,1.95,Yes
"Jessica 11 Air, Veronica 11 Air ",Laminox,Not Applicable,1.6,21400-7900,21400,7900,73,Pellet Stove,Non-Catalytic Stove,Wood Pellets,,0.28,Yes
"Jessica Natural, Veronica Natural ",Laminox,Not Applicable,1.2,17096-5350,17096,5350,61,Pellet Stove,Non-Catalytic Stove,Wood Pellets,,0.17,Yes
"Kozi 100 Free Standing, Kozi 100 Insert, XLMS-BD, XLCS-GD, XLMI-BD, XLCI-GD, KSH-120, KSH-120DX P",APR Industries Ltd.,Not Applicable,1.4,26002-7193,26002,7193,72,Pellet Stove,Non-Catalytic Stove,Wood Pellets,,0.11,Yes
Manchester 8362,Hearthstone Quality Home Heating Products Inc.,2.45,0.65,33038-14111,33038,14111,78,Wood Stove,Hybrid,Crib Wood,,0.87,Yes
"Model 55 Series (Eco-55, Eco-55 ST, Eco-55 CT, Osburn 250, HEP55, P40)","Stove Builder International, Inc.",Not Applicable,0.96,28500-6600,28500,6600,70,Pellet Stove,Non-Catalytic Stove,Wood Pellets,,0.127,Yes
"Montecito Estate CAT, WCT6940WS",Innovative Hearth Products,2.8,1.3,39519-13899,39519,13899,79,Wood Stove,Catalytic Stove,Crib Wood,,2.36,Yes
"OPEL PLUS Series: Opel+ 2C, Opel+ 3C, Opel+ 4C, Opel+ Keystone, Opel+ Keystone-AK","RSF / Industrial Chimney Company, Incorporated",2.32,0.7,27034-11723,27034,11723,70,Wood Stove,Catalytic Stove,Crib Wood,,0.58,Yes
P40i-C,Hearth and Home Technologies,Not Applicable,0.69,33126-14449,33126,14449,82,Pellet Stove,Non-Catalytic Stove,Wood Pellets,,0.27,Yes
"PS130W Model Line: C130W, N130WTS, H140XL, C140XL, J140XL, N140XL, J130W, N130W, 
H130W, C130WTS, H130WTS, J130WTS, and PS130WTS","Enerco Group, Inc.  ",Not Applicable,1.6,29501-12746,29501,12746,77,Pellet Stove,Non-Catalytic Stove,Wood Pellets,,0.28,Yes
"PS20W Model Line: PS20W, PS20WTS, C30XL, H30XL, J30XL, N30XL, C20W, H20W, J20W, 
N20W, C20WTS, H20WTS, J20WTS, and N20WTS","Enerco Group, Inc.  ",Not Applicable,1.2,28423-12876,28423,12876,85,Pellet Stove,Non-Catalytic Stove,Wood Pellets,,0.37,Yes
"PS60W Model Line: C60W, N60WTS, H80XL, C80XL, J80XL, N80XL, J60W, N60W, H60W, 
C60WTS, H60WTS, J60WTS, and PS60WTS","Enerco Group, Inc.  ",Not Applicable,1.3,30124-10771,30124,10771,84,Pellet Stove,Non-Catalytic Stove,Wood Pellets,,0.17,Yes
"PSBF66W Model Line: CBF66W, NBF66WTS, H3W80XL, C3W80XL, J3W80XL, N3W80XL, 
JBF66W, NBF66W, HBF66W, CBF66WTS, HBF66WTS, JBF66WTS, and PSBF66WTS","Enerco Group, Inc.  ",Not Applicable,1.1,30173-11624,30173,11624,80,Pellet Stove,Non-Catalytic Stove,Wood Pellets,,0.18,Yes
"Pel-Pro PP60-B, Pleasant Hearth PH35PS-B,  Quadra-Fire Outfitter-I",Hearth and Home Technologies,Not Applicable,0.74,26020-6815,26020,6815,75,Pellet Stove,Non-Catalytic Stove,Wood Pellets,,0.22,Yes
"PelPro PP130-B, Quadra-Fire Outfitter II, PelPro PP150",Hearth and Home Technologies,Not Applicable,0.53,40637-9605,40637,9605,82,Pellet Stove,Non-Catalytic Stove,Wood Pellets,,0.16,Yes
PelPro PP70,Hearth and Home Technologies,Not Applicable,0.5,35278-9603,35278,9603,83,Pellet Stove,Non-Catalytic Stove,Wood Pellets,,0.07,Yes
"PelPro PPC90, PelPro TSC90, Pleasant Hearth PHC90 ",Hearth and Home Technologies,Not Applicable,1.1,47378-11055,47378,11055,82,Pellet Stove,Non-Catalytic Stove,Wood Pellets,,0.43,Yes
"Polaris, Centauri, Vega, Sirius, Antares, Rigel",J. A. Roby Inc. ,1.55,1.4,21846-11527,21846,11527,73,Wood Stove,Non-Catalytic Stove,Crib Wood,,1.3,Yes
Princess PE32 ,"Blaze King Industries, Inc.",2.86,0.55,34435-11358,34435,11358,82,Wood Stove,Catalytic Stove,Crib Wood,,0.62,Yes
Princess PI29 Insert,"Blaze King Industries, Inc.",2.63,1,30194-9023,30194,9023,80,Wood Stove,Catalytic Stove,Crib Wood,,0.704,Yes
"Q-Tee II USA Series: Q-Tee II USA, Q-Tee II Classic USA, Q-Tee II C USA, Q-Tee II C Classic USA, Q-Tee II C SST USA, Q-Tee II C SST Classic USA, Q-Tee Insert USA, Q-Tee Insert Classic USA",Rais A/S,0.9,0.7,20005-11600,20005,11600,73,Wood Stove,Non-Catalytic Stove,Crib Wood,,0.8,Yes
"Quadra-Fire 31M-ACC-C, Quadra-Fire Discovery-II-C, Quadra-Fire FF-WP-200",Hearth and Home Technologies,1.89,1.9,29078-13951,29078,13951,73,Wood Stove,Non-Catalytic Stove,Crib Wood,,1.6,Yes
Quadra-Fire 57ST-ACC-C,Hearth and Home Technologies,2.95,1.8,38284-12772,38284,12772,74,Wood Stove,Non-Catalytic Stove,Crib Wood,,2.5,Yes
Quadra-Fire Classic Bay 1200-C,Hearth and Home Technologies,Not Applicable,1,30851-11074,30851,11074,73,Pellet Stove,Non-Catalytic Stove,Wood Pellets,,0.001,Yes
"Quadra-Fire Expedition I, Vermont Castings Gifford-CB, Vermont Castings Gifford-BM",Hearth and Home Technologies,1.45,1.9,27361-23747,27361,23747,65,Wood Stove,Non-Catalytic Stove,Crib Wood,,2.54,Yes
"Quadra-Fire Expedition II, Vermont Castings Montpelier II",Hearth and Home Technologies,2.37,1.8,26785-24689,26785,24689,71,Wood Stove,Non-Catalytic Stove,Crib Wood,,1.747,Yes
"Quadra-Fire Santa Fe-C, Quadra-Fire Santa Fe I-C, Quadra-Fire Castile-C, Quadra-Fire Castile I-C",Hearth and Home Technologies,Not Applicable,1.1,22440-5831,22440,5831,66,Pellet Stove,Non-Catalytic Stove,Wood Pellets,,0.17,Yes
"Quadra-Fire TREKKER-MBK, TREKKER-PMH, TREKKER-TWL
TREKKERI-MBK, TREKKERI-PMH, TREKKERI-TWL (formerly the Quadra Fire Mount Vernon E2-C, Quadra Fire Mount Vernon E2-C Insert)",Hearth and Home Technologies,Not Applicable,0.7,39428-12682,39428,12682,78,Pellet Stove,Non-Catalytic Stove,Wood Pellets,,0.15,Yes
Quadra-fire Classic Bay 1200i-C,Hearth and Home Technologies,Not Applicable,0.78,33925-10182,33925,10182,64,Pellet Stove,Non-Catalytic Stove,Wood Pellets,,0.14,Yes
RV100 Classic,Ravelli SRL,Not Applicable,0.7,34500-10750,34500,10750,80,Pellet Stove,Non-Catalytic Stove,Wood Pellets,,0.04,Yes
"RV120 Touch, Atena V, Vitoria V",Ravelli SRL,Not Applicable,0.62,37800-12900,37800,12900,79,Pellet Stove,Non-Catalytic Stove,Wood Pellets,,0.05,Yes
Roma (034-00-001A),Ravelli SRL,Not Applicable,0.74,31500-10300,31500,10300,76,Pellet Stove,Non-Catalytic Stove,Wood Pellets,,0.16,Yes
"S160AGL, S160TGL, C160AGL, C160TGL, T160GL, WXS2016 ",Innovative Hearth Products,1.54,1.7,39447-14331,39447,14331,69,Wood Stove,Non-Catalytic Stove,Crib Wood,,1.8,Yes
"STUV 1658IN, STUV 1658CUBE, STUV 1658H, STUV 1658-Z",STUV AMERICA Inc.,1.59,1.47,27015-22432,27015,22432,71,Wood Stove,Non-Catalytic Stove,Crib Wood,,1.6,Yes
"Summit LE, Summit Classic LE, Alderlea T6 LE, Summit Insert LE ",Pacific Energy Fireplace Products Limited,2.5,1.8,41275-16102,41275,16102,74,Wood Stove,Non-Catalytic Stove,Crib Wood,,0.02,Yes
"Super LE, Alderlea T5 Insert LE, Super Insert LE, Super Classic LE, Alderlea T5 LE",Pacific Energy Fireplace Products Limited,2.14,1.8,38177-12518,38177,12518,71,Wood Stove,Non-Catalytic Stove,Crib Wood,,2,Yes
Thelin Gnome,Thelin Company Inc.,Not Applicable,0.98,16532-11523,16532,11523,75,Pellet Stove,Non-Catalytic Stove,Wood Pellets,,0.12,Yes
Thelin Parlour 3000,Thelin Company Inc.,Not Applicable,0.92,28172-14387,28172,14387,81,Pellet Stove,Non-Catalytic Stove,Wood Pellets,,0.11,Yes
Thelin Parlour T-4000,Thelin Company Inc.,1.32,1.8,30945-13312,30945,13312,71,Wood Stove,Non-Catalytic Stove,Crib Wood,,1.54,Yes
True North 40 insert,Pacific Energy Fireplace Products Limited,Not Applicable,0.69,25617-6033,25617,6033,73,Pellet Stove,Non-Catalytic Stove,Wood Pellets,,0.83,Yes
True North TN10,Pacific Energy Fireplace Products Limited,0.81,1.4,17623-13084,17623,13084,73,Wood Stove,Non-Catalytic Stove,Crib Wood,,0.77,Yes
"True North TN20 Series B, TN Insert Series B",Pacific Energy Fireplace Products Limited,1.996,1.6,29208-13931,29208,13931,73,Wood Stove,Non-Catalytic Stove,Crib Wood,,0.77,Yes
True North TN40,Pacific Energy Fireplace Products Limited,Not Applicable,1.4,27949-6672,27949,6672,72,Pellet Stove,Non-Catalytic Stove,Wood Pellets,,0.27,Yes
Vermont Castings Aspen C3,Hearth and Home Technologies,1.25,1.8,25549-22960,25549,22960,71,Wood Stove,Non-Catalytic Stove,Crib Wood,,1.6,Yes
Vermont Castings Encore 2040-CAT-C,Hearth and Home Technologies,2,1.1,37102-12879,37102,12879,77,Wood Stove,Catalytic Stove,Crib Wood,,2.11,Yes
Vermont Castings Intrepid FlexBurn 2115,Hearth and Home Technologies,1.31,0.6,18502-12480,18502,12480,74,Wood Stove,Non-Catalytic Stove,Crib Wood,,1.2,Yes
Vermont Castings Intrepid FlexBurn 2115-CAT,Hearth and Home Technologies,1.31,0.3,15906-10665,15906,10665,77,Wood Stove,Catalytic Stove,Crib Wood,,0.82,Yes
WFP100,Hearthstone Quality Home Heating Products Inc.,4.28,1.6,43000-16600,43000,16600,64,Wood Stove,Non-Catalytic Stove,Cord Wood,,2.6,Yes
